ad_content,screenPageViews
-d6Y0iFK1WM,583
yt_channel_profile,379
youtu.be/-d6Y0iFK1WM,308
fcdesc_oxDWKAX4goI,236
7tf_DX21t0A,167
JTuPxzej608,158
h0xFOZM_eEA,153
fcdesc_bR0sHIWvtrQ,145
vQCK93bHwKI,109
SVX84aAMo3I,69
kedir_testimonial_RR,66
https://youtu.be/-d6Y0iFK1WM,64
youtube.com/watch?v=ceB64TbtTPk,56
DkRN6RlbuAQ,55
RR_ytpod_fawaz_LBD1,55
https://youtu.be/PN0Dci8W6BQ,54
youtu.be/DzS8kaWv-s4,48
youtu.be/JTuPxzej608,46
fawaz_raw,46
sjmdaY-9s_0,46
gaF-XhvZhmk,45
w5ACXvEfXlQ,42
sh_gabriel_podcast,41
jGO2sMzXUU8,41
e0clZKyHmJ8,41
rest_video,39
youtube.com/watch?v=SVX84aAMo3I,36
1a8FOoAW8EI,35
youtu.be/QAALHofFewI,32
410yaRdXxsY,31
entropy_video,30
centralncoo-ep2,28
V15Sw8016zo,26
fcdesc_HvrQWrt5Gog,25
focus_salesguy_20_4,25
fcdesc_7vpW-Mqe4fE,24
https://youtu.be/xH-zkt1DOyA,24
0tE9vx7QKFo,23
MZVzumdU0Oo,23
QYLfcEMqwTY,23
fcdesc_K7fh7d_6gYc,22
centralncoo-ep1,22
centralncoo-ep1s2,22
fcdesc_25CQnJE1ZpQ,21
QAALHofFewI,21
abu_noah_training_clip,19
youtu.be/0ksHlFmHL5o,19
ppk_y4iAHzY,18
retreat_trailer,17
ulwYz54hbtg,17
(not set),16
youtu.be/w5ACXvEfXlQ,16
fcdesc_XTha030SxmQ,16
fcdesc_zKJ4y9R-nFE,15
GRNAwoW6zZU,15
fU-vs0w0iwo,14
8Lf7BQq6Vl8,14
3MomzD24sus,14
xH-zkt1DOyA,14
fcdesc_YOPJvcKd0_Q,14
fcdesc_co28e_wdpos,13
VnQbtdApAo0,13
sherry_10x,13
fcdesc_ywKhRl8b1-Y,13
mind-masterclass,12
scale_yourbusiness_asimâ€™s_example_24_4,12
youtu.be/VnQbtdApAo0,11
https://youtu.be/r45wCt9xL6s,11
fkdn6MK-oGw,11
sheikh_gabriel_pod1,11
RCF5nkaS42Q,10
zakiriya-ali-testimonial,10
fcdesc_JTi3oJ4n4UA,9
fcdesc_OhNeH_pB3ok,9
fcdesc_INFvwn64Q4c,9
fcdesc_lfUq8ChdAkw,9
fcdesc_CMFFxLtl9So,8
master-mind,8
https://youtu.be/VnQbtdApAo0,8
qna_podcast_clip1,7
youtu.be/3MomzD24sus,7
fcdesc_gI1g4RZLAng,7
PN0Dci8W6BQ,7
DzS8kaWv-s4,7
https://youtu.be/0ksHlFmHL5o,7
fcdesc_nM0hD2PSwH8,7
hustle-scale-culture,6
youtube.com/watch?v=IG5sRY3Rntw,6
https://www.youtube.com/watch?v=w5ACXvEfXlQ,6
6yharyxhxnc,6
odVQmfn60D4,5
yes-principle,5
youtube.com/watch?v=w5ACXvEfXlQ,5
pause-mind,4
asim-ppm-testimonial,4
Q8fcOpd4nvg,4
[VIDEO,4
Stress_Good12_4d,4
r45wCt9xL6s,4
youtu.be/tDzmyrxNNew,4
fcdesc_88RoRbqIMHA,4
fcdesc_Dzwlnle4dB0,4
centralncoo-ep4s2,4
fcdesc_RvFoZUubv3Q,4
vsl,4
=Burnout_6minvideo_18_4,3
master-goals,3
sh_hudaifa_podcast,3
fcdesc_6Uskj6U_lIk,3
centralncoo-ep9s2,3
centralncoo-ep3s2,3
https://youtu.be/Q8fcOpd4nvg,3
xJnyTB4urvQ,3
centralncoo-ep5s2,3
CWMBObstacle,3
all-success,3
Pa2kbGSbSc0,3
MuqOdgZfgRk,2
SystemofYOU_16/4e,2
JVAL22OvnPY,2
0ksHlFmHL5o,2
cant-goals,2
Bz5OZ1-_1Pg,2
A1hknKyXOyI,2
youtu.be/Q8fcOpd4nvg,2
start-mcp,2
centralncoo-ep6,2
centralncoo-ep4,2
centralncoo-ep10s2,2
3ZMLfitJUH4,2
centralncoo-ep8s2,2
centralncoo-ep7,2
centralncoo-ep9,2
dawah-ep1,2
youtu.be/JVAL22OvnPY,2
fcdesc_K_ozHa9iWDQ,2
perspective-life,2
TOT8BYoLL9o,1
biggest-lie,1
balance_and_chaos_podcast,1
5_Step,1
3_secrets_to_success,1
3_Step,1
10t4f7Gbyn4,1
6-steps,1
EhxcjM6Z0d4,1
DppqsTfzIMc,1
OfmyHu4K9KE,1
=SystemofYOU_16/4e,1
=Stress_Good12_4d,1
6_steps_problems,1
BKj9aADXfaQ,1
Burnout_6minvideo_18_4,1
CEO_N_EA,1
CWMBPeerReview,1
Central,1
burnout-cycle,1
brutal-muslim-advice,1
fcdesc_LDUwcd1Tj-k,1
fcdesc_dqUAMGaSR_8,1
fcdesc_Ygb3rQrI3c8,1
fcdesc_UhNhRfPqTvQ,1
fcdesc_ZjdgeR_76zs,1
fcdesc_SjLDB5vNJks,1
fcdesc_TUu2NHivtrM,1
centralncoo-ep8,1
centralncoo-ep5,1
centralncoo-ep2s2,1
centralncoo-ep7s2,1
fcdesc_6WGpyU1lf-M,1
execution,1
fcdesc_ZZ_7lWKbYfQ,1
fcdesc_jvjE4tjiEz0,1
scaling,1
secret-business,1
retreat_lecture,1
qaKGwIDuPv8,1
productivity-hack-nohear,1
o-lDjfOaN2Y,1
objective,1
identity-shift,1
scale_yourbusiness_asim,1
video1,1
talha-testimonial-----------------------------------,1
talha_caseStudy,1
zAz2WtrdcMY,1
zakariya_ali,1
ziad,1
